{
  "sensor_1": {
    "mean": 1.152741935483871,
    "std": 0.15859432275197347,
    "count": 62,
    "binning_strategy": "adaptive_equal_width_without_empty_bins",
    "requested_bin_count": 10,
    "selected_bin_count": 9,
    "bin_edges": [
      1.0122222222222221,
      1.0744444444444443,
      1.1366666666666667,
      1.198888888888889,
      1.261111111111111,
      1.3233333333333333,
      1.3855555555555554,
      1.4477777777777778
    ],
    "bin_probabilities": [
      0.2903225546305969,
      0.03225807596253736,
      0.19354837513007456,
      0.20967740504682827,
      0.03225807596253736,
      0.03225807596253736,
      0.08064516571279852,
      0.0645161357960448,
      0.0645161357960448
    ]
  },
  "sensor_2": {
    "mean": 14.888709677419353,
    "std": 2.667371839211029,
    "count": 62,
    "binning_strategy": "adaptive_equal_width_without_empty_bins",
    "requested_bin_count": 10,
    "selected_bin_count": 6,
    "bin_edges": [
      13.333333333333334,
      14.866666666666667,
      16.4,
      17.933333333333334,
      19.46666666666667
    ],
    "bin_probabilities": [
      0.3225806300728423,
      0.35483869146722347,
      0.0806451696149836,
      0.03225807752341186,
      0.09677420031217418,
      0.11290323100936475
    ]
  },
  "sensor_3": {
    "mean": 105.10483870967742,
    "std": 5.563632702196754,
    "count": 62,
    "binning_strategy": "adaptive_equal_width_without_empty_bins",
    "requested_bin_count": 10,
    "selected_bin_count": 8,
    "bin_edges": [
      100.7625,
      103.225,
      105.6875,
      108.15,
      110.6125,
      113.075,
      115.5375
    ],
    "bin_probabilities": [
      0.2741935291363188,
      0.1774193480749228,
      0.24193546878252012,
      0.0645161368366275,
      0.016129046305929505,
      0.0645161368366275,
      0.09677419719042615,
      0.0645161368366275
    ]
  }
}